{
  "anthropic-claude": {
    "name": "Anthropic Claude",
    "models": {
      "claude-3-5-sonnet-20241022": { "input": 0.000003, "output": 0.000015 },
      "claude-3-opus-20250219": { "input": 0.000015, "output": 0.00075 },
      "claude-3-haiku-20240307": { "input": 0.00000080, "output": 0.000004 },
      "claude-3-sonnet-20240229": { "input": 0.000003, "output": 0.000015 }
    }
  },
  "openai-gpt": {
    "name": "OpenAI GPT",
    "models": {
      "gpt-4": { "input": 0.00003, "output": 0.00006 },
      "gpt-4-turbo": { "input": 0.00001, "output": 0.00003 },
      "gpt-4o": { "input": 0.0000050, "output": 0.000015 },
      "gpt-3.5-turbo": { "input": 0.0000005, "output": 0.0000015 },
      "gpt-3.5-turbo-16k": { "input": 0.000003, "output": 0.000004 }
    }
  },
  "google-gemini": {
    "name": "Google Gemini",
    "models": {
      "gemini-1.5-pro": { "input": 0.00000175, "output": 0.0000070 },
      "gemini-1.5-flash": { "input": 0.000000075, "output": 0.00000030 },
      "gemini-2.0-flash": { "input": 0.000000075, "output": 0.00000030 },
      "gemini-pro": { "input": 0.0000005, "output": 0.0000015 }
    }
  },
  "groq": {
    "name": "Groq",
    "models": {
      "mixtral-8x7b-32768": { "input": 0.00000027, "output": 0.00000054 },
      "llama2-70b-4096": { "input": 0.00000070, "output": 0.00000080 },
      "llama-3.3-70b-versatile": { "input": 0.00000059, "output": 0.00000079 },
      "gemma-7b-it": { "input": 0.00000007, "output": 0.00000007 }
    }
  },
  "mistral": {
    "name": "Mistral AI",
    "models": {
      "mistral-large-latest": { "input": 0.0000027, "output": 0.0000081 },
      "mistral-medium-latest": { "input": 0.0000027, "output": 0.0000081 },
      "mistral-small-latest": { "input": 0.00000014, "output": 0.00000042 },
      "mistral-tiny": { "input": 0.00000014, "output": 0.00000042 }
    }
  },
  "cohere": {
    "name": "Cohere",
    "models": {
      "command": { "input": 0.000001, "output": 0.000002 },
      "command-light": { "input": 0.0000003, "output": 0.0000006 },
      "command-nightly": { "input": 0.000001, "output": 0.000002 },
      "command-r-plus": { "input": 0.000003, "output": 0.000015 }
    }
  },
  "huggingface": {
    "name": "Hugging Face",
    "models": {
      "text-generation": { "input": 0.00000050, "output": 0.00000150 },
      "summarization": { "input": 0.00000050, "output": 0.00000100 },
      "translation": { "input": 0.00000050, "output": 0.00000100 },
      "question-answering": { "input": 0.00000040, "output": 0.00000080 }
    }
  },
  "replicate": {
    "name": "Replicate",
    "models": {
      "llama-2-70b-chat": { "input": 0.00000075, "output": 0.00000100 },
      "mistral-7b-instruct": { "input": 0.00000015, "output": 0.00000020 },
      "neural-chat-7b": { "input": 0.00000010, "output": 0.00000015 },
      "flan-t5-xl": { "input": 0.00000010, "output": 0.00000015 }
    }
  },
  "firecrawl": {
    "name": "Firecrawl",
    "models": {
      "scrape": { "input": 0.00001, "output": 0.00001 },
      "crawl": { "input": 0.00005, "output": 0.00005 },
      "search": { "input": 0.00001, "output": 0.00001 }
    }
  },
  "perplexity": {
    "name": "Perplexity AI",
    "models": {
      "pplx-7b-online": { "input": 0.0000007, "output": 0.0000028 },
      "pplx-70b-online": { "input": 0.0000070, "output": 0.0000280 },
      "pplx-8x7b-online": { "input": 0.0000020, "output": 0.0000200 },
      "sonar-small-chat": { "input": 0.0000005, "output": 0.0000020 }
    }
  },
  "claude-ai-bedrock": {
    "name": "AWS Bedrock (Claude)",
    "models": {
      "anthropic.claude-3-sonnet": { "input": 0.000003, "output": 0.000015 },
      "anthropic.claude-3-haiku": { "input": 0.00000080, "output": 0.000004 },
      "anthropic.claude-instant": { "input": 0.0000008, "output": 0.0000024 }
    }
  },
  "azure-openai": {
    "name": "Azure OpenAI",
    "models": {
      "gpt-4": { "input": 0.00003, "output": 0.00006 },
      "gpt-4-turbo": { "input": 0.00001, "output": 0.00003 },
      "gpt-35-turbo": { "input": 0.0000015, "output": 0.0000020 }
    }
  },
  "together-ai": {
    "name": "Together AI",
    "models": {
      "togethercomputer/llama-2-70b-chat": { "input": 0.00000090, "output": 0.00000120 },
      "mistralai/Mistral-7B-Instruct-v0.1": { "input": 0.00000020, "output": 0.00000020 },
      "NousResearch/Nous-Hermes-2-Mixtral-8x7B-DPO": { "input": 0.00000060, "output": 0.00000060 }
    }
  }
}
